http://www.i28.com/jordan-%E4%B9%94%E4%B8%B9-c-995/;http://www.i28.com/jordan-1-c-995_996/;Jordan 1;
http://www.i28.com/jordan-%E4%B9%94%E4%B8%B9-c-995/;http://www.i28.com/jordan-3-c-995_1090/;Jordan 3;
http://www.i28.com/jordan-%E4%B9%94%E4%B8%B9-c-995/;http://www.i28.com/jordan-4-c-995_1092/;Jordan 4;
http://www.i28.com/jordan-%E4%B9%94%E4%B8%B9-c-995/;http://www.i28.com/jordan-5-c-995_1093/;Jordan 5;
http://www.i28.com/jordan-%E4%B9%94%E4%B8%B9-c-995/;http://www.i28.com/jordan-6-c-995_1091/;Jordan 6;
http://www.i28.com/jordan-%E4%B9%94%E4%B8%B9-c-995/;http://www.i28.com/jordan-7-c-995_1094/;Jordan 7;
http://www.i28.com/jordan-%E4%B9%94%E4%B8%B9-c-995/;http://www.i28.com/jordan-11-c-995_1085/;Jordan 11;
http://www.i28.com/jordan-%E4%B9%94%E4%B8%B9-c-995/;http://www.i28.com/jordan-12-c-995_1087/;Jordan 12;
http://www.i28.com/jordan-%E4%B9%94%E4%B8%B9-c-995/;http://www.i28.com/jordan-13-c-995_1088/;Jordan 13;
http://www.i28.com/jordan-%E4%B9%94%E4%B8%B9-c-995/;http://www.i28.com/jordan-14-c-995_1237/;Jordan 14;
http://www.i28.com/jordan-%E4%B9%94%E4%B8%B9-c-995/;http://www.i28.com/jordan-32-c-995_1219/;Jordan 32;
http://www.i28.com/jordan-%E4%B9%94%E4%B8%B9-c-995/;http://www.i28.com/jordan-33-c-995_1226/;Jordan 33;
http://www.i28.com/jordan-%E4%B9%94%E4%B8%B9-c-995/;http://www.i28.com/%E6%9B%B4%E5%A4%9A-c-995_1089/;更多;
http://www.i28.com/adidas-%E8%B7%91%E6%AD%A5%E9%9E%8B-c-987/;http://www.i28.com/alphabounce-c-987_1081/;Alphabounce;
http://www.i28.com/adidas-%E8%B7%91%E6%AD%A5%E9%9E%8B-c-987/;http://www.i28.com/climacool-c-987_1066/;Climacool;
http://www.i28.com/adidas-%E8%B7%91%E6%AD%A5%E9%9E%8B-c-987/;http://www.i28.com/cloudfoam-c-987_1112/;Cloudfoam;
http://www.i28.com/adidas-%E8%B7%91%E6%AD%A5%E9%9E%8B-c-987/;http://www.i28.com/eqt-9317-c-987_1067/;EQT 93.17;
http://www.i28.com/adidas-%E8%B7%91%E6%AD%A5%E9%9E%8B-c-987/;http://www.i28.com/eqt-bask-c-987_1069/;EQT Bask;
http://www.i28.com/adidas-%E8%B7%91%E6%AD%A5%E9%9E%8B-c-987/;http://www.i28.com/eqt-support-c-987_1068/;EQT Support;
http://www.i28.com/adidas-%E8%B7%91%E6%AD%A5%E9%9E%8B-c-987/;http://www.i28.com/falcon-c-987_1072/;Falcon;
http://www.i28.com/adidas-%E8%B7%91%E6%AD%A5%E9%9E%8B-c-987/;http://www.i28.com/jogger-c-987_1224/;Jogger;
http://www.i28.com/adidas-%E8%B7%91%E6%AD%A5%E9%9E%8B-c-987/;http://www.i28.com/ozweego-c-987_1446/;Ozweego;
http://www.i28.com/adidas-%E8%B7%91%E6%AD%A5%E9%9E%8B-c-987/;http://www.i28.com/prophere-c-987_1065/;Prophere;
http://www.i28.com/adidas-%E8%B7%91%E6%AD%A5%E9%9E%8B-c-987/;http://www.i28.com/questar-c-987_1234/;Questar;
http://www.i28.com/adidas-%E8%B7%91%E6%AD%A5%E9%9E%8B-c-987/;http://www.i28.com/sobakov-c-987_1057/;Sobakov;
http://www.i28.com/adidas-%E8%B7%91%E6%AD%A5%E9%9E%8B-c-987/;http://www.i28.com/swift-c-987_1208/;Swift;
http://www.i28.com/adidas-%E8%B7%91%E6%AD%A5%E9%9E%8B-c-987/;http://www.i28.com/terrex-c-987_1070/;Terrex;
http://www.i28.com/adidas-%E8%B7%91%E6%AD%A5%E9%9E%8B-c-987/;http://www.i28.com/tresc-c-987_1447/;Tresc;
http://www.i28.com/adidas-%E8%B7%91%E6%AD%A5%E9%9E%8B-c-987/;http://www.i28.com/twinstrike-c-987_1071/;Twinstrike;
http://www.i28.com/adidas-%E8%B7%91%E6%AD%A5%E9%9E%8B-c-987/;http://www.i28.com/yung-c-987_988/;Yung;
http://www.i28.com/adidas-%E8%B7%91%E6%AD%A5%E9%9E%8B-c-987/;http://www.i28.com/zx-c-987_1084/;ZX;
http://www.i28.com/adidas-%E8%B7%91%E6%AD%A5%E9%9E%8B-c-987/;http://www.i28.com/%E6%9B%B4%E5%A4%9A-c-987_1041/;更多;
http://www.i28.com/adidas-%E7%AF%AE%E7%90%83%E9%9E%8B-c-1030/;http://www.i28.com/crazy-c-1030_1037/;Crazy;
http://www.i28.com/adidas-%E7%AF%AE%E7%90%83%E9%9E%8B-c-1030/;http://www.i28.com/harden-c-1030_1031/;Harden;
http://www.i28.com/adidas-%E7%AF%AE%E7%90%83%E9%9E%8B-c-1030/;http://www.i28.com/lillard-c-1030_1227/;Lillard;
http://www.i28.com/adidas-%E7%AF%AE%E7%90%83%E9%9E%8B-c-1030/;http://www.i28.com/rose-c-1030_1036/;Rose;
http://www.i28.com/adidas-boost-c-983/;http://www.i28.com/pure-c-983_1040/;Pure;
http://www.i28.com/adidas-boost-c-983/;http://www.i28.com/ub30-c-983_1038/;UB3.0;
http://www.i28.com/adidas-boost-c-983/;http://www.i28.com/ub40-c-983_1046/;UB4.0;
http://www.i28.com/adidas-boost-c-983/;http://www.i28.com/ub50-c-983_1336/;UB5.0;
http://www.i28.com/adidas-boost-c-983/;http://www.i28.com/ub60-c-983_1440/;UB6.0;
http://www.i28.com/adidas-boost-c-983/;http://www.i28.com/ultra-c-983_984/;Ultra;
http://www.i28.com/adidas-boost-c-983/;http://www.i28.com/%E6%9B%B4%E5%A4%9A-c-983_1039/;更多;
http://www.i28.com/adidas-nmd-c-1032/;http://www.i28.com/deerupt-c-1032_1050/;Deerupt;
http://www.i28.com/adidas-nmd-c-1032/;http://www.i28.com/human-c-1032_1049/;Human;
http://www.i28.com/adidas-nmd-c-1032/;http://www.i28.com/iniki-c-1032_1124/;Iniki;
http://www.i28.com/adidas-nmd-c-1032/;http://www.i28.com/plr-c-1032_1047/;PLR;
http://www.i28.com/adidas-nmd-c-1032/;http://www.i28.com/r1-c-1032_1033/;R1;
http://www.i28.com/adidas-nmd-c-1032/;http://www.i28.com/xr1-c-1032_1051/;XR1;
http://www.i28.com/adidas-nmd-c-1032/;http://www.i28.com/%E6%9B%B4%E5%A4%9A-c-1032_1048/;更多;
http://www.i28.com/adidas-tubular-c-1074/;http://www.i28.com/doom-c-1074_1076/;Doom;
http://www.i28.com/adidas-tubular-c-1074/;http://www.i28.com/invader-c-1074_1077/;Invader;
http://www.i28.com/adidas-tubular-c-1074/;http://www.i28.com/rise-c-1074_1080/;Rise;
http://www.i28.com/adidas-tubular-c-1074/;http://www.i28.com/shadow-c-1074_1078/;Shadow;
http://www.i28.com/adidas-tubular-c-1074/;http://www.i28.com/y3-c-1074_1079/;Y3;
http://www.i28.com/adidas-tubular-c-1074/;http://www.i28.com/%E6%9B%B4%E5%A4%9A-c-1074_1075/;更多;
http://www.i28.com/adidas-yeezy-c-985/;http://www.i28.com/350v2-c-985_1082/;350v2;
http://www.i28.com/adidas-yeezy-c-985/;http://www.i28.com/350v3-c-985_1444/;350v3;
http://www.i28.com/adidas-yeezy-c-985/;http://www.i28.com/500-c-985_986/;500;
http://www.i28.com/adidas-yeezy-c-985/;http://www.i28.com/600-c-985_1186/;600;
http://www.i28.com/adidas-yeezy-c-985/;http://www.i28.com/700-c-985_1095/;700;
http://www.i28.com/adidas-yeezy-c-985/;http://www.i28.com/750-c-985_1083/;750;
http://www.i28.com/adidas-yeezy-c-985/;http://www.i28.com/pod-c-985_1151/;POD;
http://www.i28.com/adidas-yeezy-c-985/;http://www.i28.com/%E6%9B%B4%E5%A4%9A-c-985_1145/;更多;
http://www.i28.com/adidas-%E4%B8%89%E5%8F%B6%E8%8D%89-c-1034/;http://www.i28.com/campus-c-1034_1052/;Campus;
http://www.i28.com/adidas-%E4%B8%89%E5%8F%B6%E8%8D%89-c-1034/;http://www.i28.com/casual-c-1034_1282/;Casual;
http://www.i28.com/adidas-%E4%B8%89%E5%8F%B6%E8%8D%89-c-1034/;http://www.i28.com/extaball-c-1034_1053/;Extaball;
http://www.i28.com/adidas-%E4%B8%89%E5%8F%B6%E8%8D%89-c-1034/;http://www.i28.com/forum-c-1034_1341/;Forum;
http://www.i28.com/adidas-%E4%B8%89%E5%8F%B6%E8%8D%89-c-1034/;http://www.i28.com/gazelle-c-1034_1054/;Gazelle;
http://www.i28.com/adidas-%E4%B8%89%E5%8F%B6%E8%8D%89-c-1034/;http://www.i28.com/neo-c-1034_1042/;NEO;
http://www.i28.com/adidas-%E4%B8%89%E5%8F%B6%E8%8D%89-c-1034/;http://www.i28.com/nizza-c-1034_1230/;Nizza;
http://www.i28.com/adidas-%E4%B8%89%E5%8F%B6%E8%8D%89-c-1034/;http://www.i28.com/outdoor-c-1034_1060/;Outdoor;
http://www.i28.com/adidas-%E4%B8%89%E5%8F%B6%E8%8D%89-c-1034/;http://www.i28.com/sleek-c-1034_1445/;Sleek;
http://www.i28.com/adidas-%E4%B8%89%E5%8F%B6%E8%8D%89-c-1034/;http://www.i28.com/stan-smith-c-1034_1055/;Stan Smith;
http://www.i28.com/adidas-%E4%B8%89%E5%8F%B6%E8%8D%89-c-1034/;http://www.i28.com/superstar-c-1034_1035/;Superstar;
http://www.i28.com/adidas-%E4%B8%89%E5%8F%B6%E8%8D%89-c-1034/;http://www.i28.com/%E6%9B%B4%E5%A4%9A-c-1034_1058/;更多;
http://www.i28.com/nike-%E7%AF%AE%E7%90%83%E9%9E%8B-c-1125/;http://www.i28.com/foamposite-c-1125_1126/;Foamposite;
http://www.i28.com/nike-%E7%AF%AE%E7%90%83%E9%9E%8B-c-1125/;http://www.i28.com/hyperdunk-c-1125_1200/;Hyperdunk;
http://www.i28.com/nike-%E7%AF%AE%E7%90%83%E9%9E%8B-c-1125/;http://www.i28.com/kobe-c-1125_1128/;Kobe;
http://www.i28.com/nike-%E7%AF%AE%E7%90%83%E9%9E%8B-c-1125/;http://www.i28.com/kyrie-c-1125_1343/;Kyrie;
http://www.i28.com/nike-%E7%AF%AE%E7%90%83%E9%9E%8B-c-1125/;http://www.i28.com/kyrie-3-c-1125_1129/;Kyrie 3;
http://www.i28.com/nike-%E7%AF%AE%E7%90%83%E9%9E%8B-c-1125/;http://www.i28.com/kyrie-4-c-1125_1209/;Kyrie 4;
http://www.i28.com/nike-%E7%AF%AE%E7%90%83%E9%9E%8B-c-1125/;http://www.i28.com/kyrie-5-c-1125_1223/;Kyrie 5;
http://www.i28.com/nike-%E7%AF%AE%E7%90%83%E9%9E%8B-c-1125/;http://www.i28.com/lebron-c-1125_1131/;Lebron;
http://www.i28.com/nike-%E7%AF%AE%E7%90%83%E9%9E%8B-c-1125/;http://www.i28.com/lebron-15-c-1125_1218/;Lebron 15;
http://www.i28.com/nike-%E7%AF%AE%E7%90%83%E9%9E%8B-c-1125/;http://www.i28.com/lebron-16-c-1125_1225/;Lebron 16;
http://www.i28.com/nike-%E7%AF%AE%E7%90%83%E9%9E%8B-c-1125/;http://www.i28.com/nike-kd-c-1125_1127/;Nike KD;
http://www.i28.com/nike-%E7%AF%AE%E7%90%83%E9%9E%8B-c-1125/;http://www.i28.com/nike-pg-c-1125_1132/;Nike PG;
http://www.i28.com/nike-%E7%AF%AE%E7%90%83%E9%9E%8B-c-1125/;http://www.i28.com/soldier-c-1125_1207/;Soldier;
http://www.i28.com/nike-%E7%AF%AE%E7%90%83%E9%9E%8B-c-1125/;http://www.i28.com/uptempo-c-1125_1133/;Uptempo;
http://www.i28.com/nike-%E7%AF%AE%E7%90%83%E9%9E%8B-c-1125/;http://www.i28.com/%E6%9B%B4%E5%A4%9A-c-1125_1134/;更多;
http://www.i28.com/nike-%E6%BB%91%E6%9D%BF%E9%9E%8B-c-1008/;http://www.i28.com/blazer-high-c-1008_1262/;Blazer High;
http://www.i28.com/nike-%E6%BB%91%E6%9D%BF%E9%9E%8B-c-1008/;http://www.i28.com/blazer-low-c-1008_1263/;Blazer Low;
http://www.i28.com/nike-%E6%BB%91%E6%9D%BF%E9%9E%8B-c-1008/;http://www.i28.com/casual-c-1008_1291/;Casual;
http://www.i28.com/nike-%E6%BB%91%E6%9D%BF%E9%9E%8B-c-1008/;http://www.i28.com/court-c-1008_1153/;Court;
http://www.i28.com/nike-%E6%BB%91%E6%9D%BF%E9%9E%8B-c-1008/;http://www.i28.com/dunk-high-c-1008_1268/;Dunk High;
http://www.i28.com/nike-%E6%BB%91%E6%9D%BF%E9%9E%8B-c-1008/;http://www.i28.com/dunk-low-c-1008_1269/;Dunk Low;
http://www.i28.com/nike-%E6%BB%91%E6%9D%BF%E9%9E%8B-c-1008/;http://www.i28.com/force-high-c-1008_1270/;Force High;
http://www.i28.com/nike-%E6%BB%91%E6%9D%BF%E9%9E%8B-c-1008/;http://www.i28.com/force-low-c-1008_1264/;Force Low;
http://www.i28.com/nike-%E6%BB%91%E6%9D%BF%E9%9E%8B-c-1008/;http://www.i28.com/jordan-c-1008_1155/;Jordan;
http://www.i28.com/nike-%E6%BB%91%E6%9D%BF%E9%9E%8B-c-1008/;http://www.i28.com/nike-sb-c-1008_1150/;Nike SB;
http://www.i28.com/nike-%E6%BB%91%E6%9D%BF%E9%9E%8B-c-1008/;http://www.i28.com/tennis-c-1008_1275/;Tennis;
http://www.i28.com/nike-%E6%BB%91%E6%9D%BF%E9%9E%8B-c-1008/;http://www.i28.com/vandal-c-1008_1156/;Vandal;
http://www.i28.com/nike-%E6%BB%91%E6%9D%BF%E9%9E%8B-c-1008/;http://www.i28.com/%E6%9B%B4%E5%A4%9A-c-1008_1154/;更多;
http://www.i28.com/nike-%E6%B0%94%E5%9E%AB%E9%9E%8B-c-1001/;http://www.i28.com/2017-c-1001_1117/;2017;
http://www.i28.com/nike-%E6%B0%94%E5%9E%AB%E9%9E%8B-c-1001/;http://www.i28.com/2018-c-1001_1342/;2018;
http://www.i28.com/nike-%E6%B0%94%E5%9E%AB%E9%9E%8B-c-1001/;http://www.i28.com/2019-c-1001_1105/;2019;
http://www.i28.com/nike-%E6%B0%94%E5%9E%AB%E9%9E%8B-c-1001/;http://www.i28.com/270-c-1001_1110/;270;
http://www.i28.com/nike-%E6%B0%94%E5%9E%AB%E9%9E%8B-c-1001/;http://www.i28.com/720-c-1001_1109/;720;
http://www.i28.com/nike-%E6%B0%94%E5%9E%AB%E9%9E%8B-c-1001/;http://www.i28.com/87-c-1001_1120/;87;
http://www.i28.com/nike-%E6%B0%94%E5%9E%AB%E9%9E%8B-c-1001/;http://www.i28.com/90-c-1001_1003/;90;
http://www.i28.com/nike-%E6%B0%94%E5%9E%AB%E9%9E%8B-c-1001/;http://www.i28.com/95-c-1001_1004/;95;
http://www.i28.com/nike-%E6%B0%94%E5%9E%AB%E9%9E%8B-c-1001/;http://www.i28.com/97-c-1001_1005/;97;
http://www.i28.com/nike-%E6%B0%94%E5%9E%AB%E9%9E%8B-c-1001/;http://www.i28.com/98-c-1001_1121/;98;
http://www.i28.com/nike-%E6%B0%94%E5%9E%AB%E9%9E%8B-c-1001/;http://www.i28.com/axis-c-1001_1119/;Axis;
http://www.i28.com/nike-%E6%B0%94%E5%9E%AB%E9%9E%8B-c-1001/;http://www.i28.com/flair-c-1001_1123/;Flair;
http://www.i28.com/nike-%E6%B0%94%E5%9E%AB%E9%9E%8B-c-1001/;http://www.i28.com/plus-c-1001_1122/;Plus;
http://www.i28.com/nike-%E6%B0%94%E5%9E%AB%E9%9E%8B-c-1001/;http://www.i28.com/tavas-c-1001_1267/;Tavas;
http://www.i28.com/nike-%E6%B0%94%E5%9E%AB%E9%9E%8B-c-1001/;http://www.i28.com/vapor-c-1001_1118/;Vapor;
http://www.i28.com/nike-%E6%B0%94%E5%9E%AB%E9%9E%8B-c-1001/;http://www.i28.com/%E6%9B%B4%E5%A4%9A-c-1001_1002/;更多;
http://www.i28.com/nike-%E8%B7%91%E6%AD%A5%E9%9E%8B-c-1014/;http://www.i28.com/cortez-c-1014_1015/;Cortez;
http://www.i28.com/nike-%E8%B7%91%E6%AD%A5%E9%9E%8B-c-1014/;http://www.i28.com/element-c-1014_1271/;Element;
http://www.i28.com/nike-%E8%B7%91%E6%AD%A5%E9%9E%8B-c-1014/;http://www.i28.com/epic-react-c-1014_1147/;Epic React;
http://www.i28.com/nike-%E8%B7%91%E6%AD%A5%E9%9E%8B-c-1014/;http://www.i28.com/flex-c-1014_1272/;Flex;
http://www.i28.com/nike-%E8%B7%91%E6%AD%A5%E9%9E%8B-c-1014/;http://www.i28.com/free-c-1014_1063/;Free;
http://www.i28.com/nike-%E8%B7%91%E6%AD%A5%E9%9E%8B-c-1014/;http://www.i28.com/huarache-c-1014_1064/;Huarache;
http://www.i28.com/nike-%E8%B7%91%E6%AD%A5%E9%9E%8B-c-1014/;http://www.i28.com/huarache-1-c-1014_1016/;Huarache 1;
http://www.i28.com/nike-%E8%B7%91%E6%AD%A5%E9%9E%8B-c-1014/;http://www.i28.com/huarache-4-c-1014_1017/;Huarache 4;
http://www.i28.com/nike-%E8%B7%91%E6%AD%A5%E9%9E%8B-c-1014/;http://www.i28.com/huarache-6-c-1014_1213/;Huarache 6;
http://www.i28.com/nike-%E8%B7%91%E6%AD%A5%E9%9E%8B-c-1014/;http://www.i28.com/huarache-7-c-1014_1265/;Huarache 7;
http://www.i28.com/nike-%E8%B7%91%E6%AD%A5%E9%9E%8B-c-1014/;http://www.i28.com/huarache-8-c-1014_1235/;Huarache 8;
http://www.i28.com/nike-%E8%B7%91%E6%AD%A5%E9%9E%8B-c-1014/;http://www.i28.com/interantionalist-c-1014_1238/;Interantionalist;
http://www.i28.com/nike-%E8%B7%91%E6%AD%A5%E9%9E%8B-c-1014/;http://www.i28.com/kaishi-c-1014_1146/;Kaishi;
http://www.i28.com/nike-%E8%B7%91%E6%AD%A5%E9%9E%8B-c-1014/;http://www.i28.com/ldwaffle-c-1014_1448/;Ldwaffle;
http://www.i28.com/nike-%E8%B7%91%E6%AD%A5%E9%9E%8B-c-1014/;http://www.i28.com/m2k-tekno-c-1014_1018/;M2K Tekno;
http://www.i28.com/nike-%E8%B7%91%E6%AD%A5%E9%9E%8B-c-1014/;http://www.i28.com/nasa-c-1014_1148/;Nasa;
http://www.i28.com/nike-%E8%B7%91%E6%AD%A5%E9%9E%8B-c-1014/;http://www.i28.com/presto-c-1014_1142/;Presto;
http://www.i28.com/nike-%E8%B7%91%E6%AD%A5%E9%9E%8B-c-1014/;http://www.i28.com/roshe-c-1014_1141/;Roshe;
http://www.i28.com/nike-%E8%B7%91%E6%AD%A5%E9%9E%8B-c-1014/;http://www.i28.com/sock-dart-c-1014_1019/;Sock Dart;
http://www.i28.com/nike-%E8%B7%91%E6%AD%A5%E9%9E%8B-c-1014/;http://www.i28.com/tanjun-c-1014_1205/;Tanjun;
http://www.i28.com/nike-%E8%B7%91%E6%AD%A5%E9%9E%8B-c-1014/;http://www.i28.com/tessen-c-1014_1344/;Tessen;
http://www.i28.com/nike-%E8%B7%91%E6%AD%A5%E9%9E%8B-c-1014/;http://www.i28.com/%E6%9B%B4%E5%A4%9A-c-1014_1102/;更多;
http://www.i28.com/nike-%E8%BF%90%E5%8A%A8%E9%9E%8B-c-1006/;http://www.i28.com/all-out-c-1006_1157/;All Out;
http://www.i28.com/nike-%E8%BF%90%E5%8A%A8%E9%9E%8B-c-1006/;http://www.i28.com/exp-c-1006_1232/;EXP;
http://www.i28.com/nike-%E8%BF%90%E5%8A%A8%E9%9E%8B-c-1006/;http://www.i28.com/fly-c-1006_1149/;FLY;
http://www.i28.com/nike-%E8%BF%90%E5%8A%A8%E9%9E%8B-c-1006/;http://www.i28.com/kiger-c-1006_1449/;Kiger;
http://www.i28.com/nike-%E8%BF%90%E5%8A%A8%E9%9E%8B-c-1006/;http://www.i28.com/lunarconverge-c-1006_1345/;Lunarconverge;
http://www.i28.com/nike-%E8%BF%90%E5%8A%A8%E9%9E%8B-c-1006/;http://www.i28.com/pegasus-c-1006_1164/;Pegasus;
http://www.i28.com/nike-%E8%BF%90%E5%8A%A8%E9%9E%8B-c-1006/;http://www.i28.com/pegasus-30-c-1006_1158/;Pegasus 30;
http://www.i28.com/nike-%E8%BF%90%E5%8A%A8%E9%9E%8B-c-1006/;http://www.i28.com/pegasus-33-c-1006_1159/;Pegasus 33;
http://www.i28.com/nike-%E8%BF%90%E5%8A%A8%E9%9E%8B-c-1006/;http://www.i28.com/pegasus-34-c-1006_1160/;Pegasus 34;
http://www.i28.com/nike-%E8%BF%90%E5%8A%A8%E9%9E%8B-c-1006/;http://www.i28.com/pegasus-35-c-1006_1007/;Pegasus 35;
http://www.i28.com/nike-%E8%BF%90%E5%8A%A8%E9%9E%8B-c-1006/;http://www.i28.com/pegasus-36-c-1006_1239/;Pegasus 36;
http://www.i28.com/nike-%E8%BF%90%E5%8A%A8%E9%9E%8B-c-1006/;http://www.i28.com/pegasus-37-c-1006_1441/;Pegasus 37;
http://www.i28.com/nike-%E8%BF%90%E5%8A%A8%E9%9E%8B-c-1006/;http://www.i28.com/pegasus-44-c-1006_1276/;Pegasus 44;
http://www.i28.com/nike-%E8%BF%90%E5%8A%A8%E9%9E%8B-c-1006/;http://www.i28.com/quest-c-1006_1346/;Quest;
http://www.i28.com/nike-%E8%BF%90%E5%8A%A8%E9%9E%8B-c-1006/;http://www.i28.com/span-c-1006_1240/;Span;
http://www.i28.com/nike-%E8%BF%90%E5%8A%A8%E9%9E%8B-c-1006/;http://www.i28.com/structure-c-1006_1161/;Structure;
http://www.i28.com/nike-%E8%BF%90%E5%8A%A8%E9%9E%8B-c-1006/;http://www.i28.com/swift-c-1006_1165/;Swift;
http://www.i28.com/nike-%E8%BF%90%E5%8A%A8%E9%9E%8B-c-1006/;http://www.i28.com/vaporfly-c-1006_1210/;Vaporfly;
http://www.i28.com/nike-%E8%BF%90%E5%8A%A8%E9%9E%8B-c-1006/;http://www.i28.com/vomero-c-1006_1162/;Vomero;
http://www.i28.com/nike-%E8%BF%90%E5%8A%A8%E9%9E%8B-c-1006/;http://www.i28.com/winflo-c-1006_1206/;Winflo;
http://www.i28.com/nike-%E8%BF%90%E5%8A%A8%E9%9E%8B-c-1006/;http://www.i28.com/zoom-2k-c-1006_1347/;Zoom 2K;
http://www.i28.com/nike-%E8%BF%90%E5%8A%A8%E9%9E%8B-c-1006/;http://www.i28.com/%E6%9B%B4%E5%A4%9A-c-1006_1163/;更多;
http://www.i28.com/new-balance-c-997/;http://www.i28.com/1300-c-997_1103/;1300;
http://www.i28.com/new-balance-c-997/;http://www.i28.com/1400-c-997_1104/;1400;
http://www.i28.com/new-balance-c-997/;http://www.i28.com/1500-c-997_1106/;1500;
http://www.i28.com/new-balance-c-997/;http://www.i28.com/247-c-997_1107/;247;
http://www.i28.com/new-balance-c-997/;http://www.i28.com/520-c-997_1216/;520;
http://www.i28.com/new-balance-c-997/;http://www.i28.com/574-c-997_1108/;574;
http://www.i28.com/new-balance-c-997/;http://www.i28.com/580-c-997_998/;580;
http://www.i28.com/new-balance-c-997/;http://www.i28.com/990-c-997_1261/;990;
http://www.i28.com/new-balance-c-997/;http://www.i28.com/996-c-997_1111/;996;
http://www.i28.com/new-balance-c-997/;http://www.i28.com/997-c-997_1113/;997;
http://www.i28.com/new-balance-c-997/;http://www.i28.com/998-c-997_1114/;998;
http://www.i28.com/new-balance-c-997/;http://www.i28.com/999-c-997_999/;999;
http://www.i28.com/new-balance-c-997/;http://www.i28.com/skateboard-c-997_1217/;Skateboard;
http://www.i28.com/new-balance-c-997/;http://www.i28.com/%E6%9B%B4%E5%A4%9A-c-997_1000/;更多;
http://www.i28.com/under-armour-c-1135/;http://www.i28.com/curry-3-c-1135_1137/;Curry 3;
http://www.i28.com/under-armour-c-1135/;http://www.i28.com/curry-4-c-1135_1211/;Curry 4;
http://www.i28.com/under-armour-c-1135/;http://www.i28.com/curry-5-c-1135_1231/;Curry 5;
http://www.i28.com/under-armour-c-1135/;http://www.i28.com/curry-6-c-1135_1222/;Curry 6;
http://www.i28.com/under-armour-c-1135/;http://www.i28.com/%E6%9B%B4%E5%A4%9A-c-1135_1136/;更多;
http://www.i28.com/converse-%E5%8C%A1%E5%A8%81-c-991/;http://www.i28.com/-chuck-c-991_994/; Chuck;
http://www.i28.com/converse-%E5%8C%A1%E5%A8%81-c-991/;http://www.i28.com/chuck-c-991_1266/;Chuck;
http://www.i28.com/converse-%E5%8C%A1%E5%A8%81-c-991/;http://www.i28.com/high-c-991_993/;High;
http://www.i28.com/converse-%E5%8C%A1%E5%A8%81-c-991/;http://www.i28.com/low-c-991_992/;Low;
http://www.i28.com/vans-%E4%B8%87%E6%96%AF-c-1027/;http://www.i28.com/authentic-c-1027_1184/;Authentic;
http://www.i28.com/vans-%E4%B8%87%E6%96%AF-c-1027/;http://www.i28.com/high-c-1027_1028/;High;
http://www.i28.com/vans-%E4%B8%87%E6%96%AF-c-1027/;http://www.i28.com/low-c-1027_1029/;Low;
http://www.i28.com/vans-%E4%B8%87%E6%96%AF-c-1027/;http://www.i28.com/%E6%9B%B4%E5%A4%9A-c-1027_1277/;更多;
http://www.i28.com/asics-%E4%BA%9A%E7%91%9F%E5%A3%AB-c-989/;http://www.i28.com/kayano-c-989_1098/;Kayano;
http://www.i28.com/asics-%E4%BA%9A%E7%91%9F%E5%A3%AB-c-989/;http://www.i28.com/lyte-c-989_1099/;Lyte;
http://www.i28.com/asics-%E4%BA%9A%E7%91%9F%E5%A3%AB-c-989/;http://www.i28.com/mexico-c-989_990/;Mexico;
http://www.i28.com/asics-%E4%BA%9A%E7%91%9F%E5%A3%AB-c-989/;http://www.i28.com/onitsuka-c-989_1100/;Onitsuka;
http://www.i28.com/asics-%E4%BA%9A%E7%91%9F%E5%A3%AB-c-989/;http://www.i28.com/quantum-c-989_1101/;Quantum;
http://www.i28.com/asics-%E4%BA%9A%E7%91%9F%E5%A3%AB-c-989/;http://www.i28.com/skateboard-c-989_1296/;Skateboard;
http://www.i28.com/asics-%E4%BA%9A%E7%91%9F%E5%A3%AB-c-989/;http://www.i28.com/%E6%9B%B4%E5%A4%9A-c-989_1073/;更多;
http://www.i28.com/fila-%E6%96%90%E4%B9%90-c-1311/;http://www.i28.com/casual-c-1311_1287/;Casual;
http://www.i28.com/fila-%E6%96%90%E4%B9%90-c-1311/;http://www.i28.com/running-c-1311_1304/;Running;
http://www.i28.com/fila-%E6%96%90%E4%B9%90-c-1311/;http://www.i28.com/skateboard-c-1311_1298/;Skateboard;
http://www.i28.com/champion-%E5%86%A0%E5%86%9B-c-1310/;http://www.i28.com/casual-c-1310_1284/;Casual;
http://www.i28.com/champion-%E5%86%A0%E5%86%9B-c-1310/;http://www.i28.com/running-c-1310_1306/;Running;
http://www.i28.com/champion-%E5%86%A0%E5%86%9B-c-1310/;http://www.i28.com/skateboard-c-1310_1297/;Skateboard;
http://www.i28.com/puma-%E5%BD%AA%E9%A9%AC-c-1020/;http://www.i28.com/basket-c-1020_1168/;Basket;
http://www.i28.com/puma-%E5%BD%AA%E9%A9%AC-c-1020/;http://www.i28.com/ferrari-c-1020_1166/;Ferrari;
http://www.i28.com/puma-%E5%BD%AA%E9%A9%AC-c-1020/;http://www.i28.com/ignite-c-1020_1021/;Ignite;
http://www.i28.com/puma-%E5%BD%AA%E9%A9%AC-c-1020/;http://www.i28.com/rihanna-c-1020_1022/;Rihanna;
http://www.i28.com/puma-%E5%BD%AA%E9%A9%AC-c-1020/;http://www.i28.com/running-c-1020_1023/;Running;
http://www.i28.com/puma-%E5%BD%AA%E9%A9%AC-c-1020/;http://www.i28.com/suede-c-1020_1167/;Suede;
http://www.i28.com/puma-%E5%BD%AA%E9%A9%AC-c-1020/;http://www.i28.com/%E6%9B%B4%E5%A4%9A-c-1020_1024/;更多;
http://www.i28.com/ugg-%E9%9B%AA%E5%9C%B0%E9%9D%B4-c-1175/;http://www.i28.com/1873-c-1175_1176/;1873;
http://www.i28.com/ugg-%E9%9B%AA%E5%9C%B0%E9%9D%B4-c-1175/;http://www.i28.com/5803-c-1175_1177/;5803;
http://www.i28.com/ugg-%E9%9B%AA%E5%9C%B0%E9%9D%B4-c-1175/;http://www.i28.com/5815-c-1175_1178/;5815;
http://www.i28.com/ugg-%E9%9B%AA%E5%9C%B0%E9%9D%B4-c-1175/;http://www.i28.com/5825-c-1175_1179/;5825;
http://www.i28.com/ugg-%E9%9B%AA%E5%9C%B0%E9%9D%B4-c-1175/;http://www.i28.com/5854-c-1175_1180/;5854;
http://www.i28.com/ugg-%E9%9B%AA%E5%9C%B0%E9%9D%B4-c-1175/;http://www.i28.com/casual-c-1175_1293/;Casual;
http://www.i28.com/ugg-%E9%9B%AA%E5%9C%B0%E9%9D%B4-c-1175/;http://www.i28.com/outdoor-c-1175_1174/;Outdoor;
http://www.i28.com/ugg-%E9%9B%AA%E5%9C%B0%E9%9D%B4-c-1175/;http://www.i28.com/%E6%9B%B4%E5%A4%9A-c-1175_1181/;更多;
http://www.i28.com/%E5%84%BF%E7%AB%A5%E9%9E%8B-c-1025/;http://www.i28.com/adidas-c-1025_1056/;Adidas;
http://www.i28.com/%E5%84%BF%E7%AB%A5%E9%9E%8B-c-1025/;http://www.i28.com/converse-c-1025_1236/;Converse;
http://www.i28.com/%E5%84%BF%E7%AB%A5%E9%9E%8B-c-1025/;http://www.i28.com/fila-c-1025_1229/;Fila;
http://www.i28.com/%E5%84%BF%E7%AB%A5%E9%9E%8B-c-1025/;http://www.i28.com/jordan-c-1025_1086/;Jordan;
http://www.i28.com/%E5%84%BF%E7%AB%A5%E9%9E%8B-c-1025/;http://www.i28.com/new-balance-c-1025_1115/;New Balance;
http://www.i28.com/%E5%84%BF%E7%AB%A5%E9%9E%8B-c-1025/;http://www.i28.com/nike-c-1025_1138/;Nike;
http://www.i28.com/%E5%84%BF%E7%AB%A5%E9%9E%8B-c-1025/;http://www.i28.com/puma-c-1025_1233/;Puma;
http://www.i28.com/%E5%84%BF%E7%AB%A5%E9%9E%8B-c-1025/;http://www.i28.com/timberland-c-1025_1173/;Timberland;
http://www.i28.com/%E5%84%BF%E7%AB%A5%E9%9E%8B-c-1025/;http://www.i28.com/ugg-c-1025_1026/;UGG;
http://www.i28.com/%E5%84%BF%E7%AB%A5%E9%9E%8B-c-1025/;http://www.i28.com/%E6%9B%B4%E5%A4%9A-c-1025_1203/;更多;
http://www.i28.com/%E5%87%89%E6%8B%96%E9%9E%8B-c-1096/;http://www.i28.com/adidas-c-1096_1278/;Adidas;
http://www.i28.com/%E5%87%89%E6%8B%96%E9%9E%8B-c-1096/;http://www.i28.com/balenciaga-c-1096_1202/;Balenciaga;
http://www.i28.com/%E5%87%89%E6%8B%96%E9%9E%8B-c-1096/;http://www.i28.com/bape-c-1096_1279/;Bape;
http://www.i28.com/%E5%87%89%E6%8B%96%E9%9E%8B-c-1096/;http://www.i28.com/champion-c-1096_1337/;Champion;
http://www.i28.com/%E5%87%89%E6%8B%96%E9%9E%8B-c-1096/;http://www.i28.com/converse-c-1096_1442/;Converse;
http://www.i28.com/%E5%87%89%E6%8B%96%E9%9E%8B-c-1096/;http://www.i28.com/ecco-c-1096_1189/;Ecco;
http://www.i28.com/%E5%87%89%E6%8B%96%E9%9E%8B-c-1096/;http://www.i28.com/fila-c-1096_1228/;Fila;
http://www.i28.com/%E5%87%89%E6%8B%96%E9%9E%8B-c-1096/;http://www.i28.com/gucci-c-1096_1338/;Gucci;
http://www.i28.com/%E5%87%89%E6%8B%96%E9%9E%8B-c-1096/;http://www.i28.com/jordan-c-1096_1097/;Jordan;
http://www.i28.com/%E5%87%89%E6%8B%96%E9%9E%8B-c-1096/;http://www.i28.com/new-balance-c-1096_1116/;New Balance;
http://www.i28.com/%E5%87%89%E6%8B%96%E9%9E%8B-c-1096/;http://www.i28.com/nike-c-1096_1139/;Nike;
http://www.i28.com/%E5%87%89%E6%8B%96%E9%9E%8B-c-1096/;http://www.i28.com/puma-c-1096_1339/;Puma;
http://www.i28.com/%E5%87%89%E6%8B%96%E9%9E%8B-c-1096/;http://www.i28.com/superme-c-1096_1340/;Superme;
http://www.i28.com/%E5%87%89%E6%8B%96%E9%9E%8B-c-1096/;http://www.i28.com/ugg-c-1096_1183/;UGG;
http://www.i28.com/%E5%87%89%E6%8B%96%E9%9E%8B-c-1096/;http://www.i28.com/%E6%9B%B4%E5%A4%9A-c-1096_1197/;更多;
http://www.i28.com/%E8%B6%B3%E7%90%83%E9%9E%8B-c-1061/;http://www.i28.com/adidas-c-1061_1062/;Adidas;
http://www.i28.com/%E8%B6%B3%E7%90%83%E9%9E%8B-c-1061/;http://www.i28.com/mizuno-c-1061_1192/;Mizuno;
http://www.i28.com/%E8%B6%B3%E7%90%83%E9%9E%8B-c-1061/;http://www.i28.com/nike-c-1061_1140/;Nike;
http://www.i28.com/%E8%B6%B3%E7%90%83%E9%9E%8B-c-1061/;http://www.i28.com/puma-c-1061_1169/;Puma;
http://www.i28.com/%E6%9B%B4%E5%A4%9A%E8%BF%90%E5%8A%A8%E9%9E%8B-c-1319/;http://www.i28.com/balenciaga-c-1319_1331/;Balenciaga;
http://www.i28.com/%E6%9B%B4%E5%A4%9A%E8%BF%90%E5%8A%A8%E9%9E%8B-c-1319/;http://www.i28.com/cat-c-1319_1322/;CAT;
http://www.i28.com/%E6%9B%B4%E5%A4%9A%E8%BF%90%E5%8A%A8%E9%9E%8B-c-1319/;http://www.i28.com/chanel-c-1319_1335/;Chanel;
http://www.i28.com/%E6%9B%B4%E5%A4%9A%E8%BF%90%E5%8A%A8%E9%9E%8B-c-1319/;http://www.i28.com/columbia-c-1319_1323/;Columbia;
http://www.i28.com/%E6%9B%B4%E5%A4%9A%E8%BF%90%E5%8A%A8%E9%9E%8B-c-1319/;http://www.i28.com/dior-c-1319_1443/;Dior;
http://www.i28.com/%E6%9B%B4%E5%A4%9A%E8%BF%90%E5%8A%A8%E9%9E%8B-c-1319/;http://www.i28.com/drmartens-c-1319_1334/;Dr.Martens;
http://www.i28.com/%E6%9B%B4%E5%A4%9A%E8%BF%90%E5%8A%A8%E9%9E%8B-c-1319/;http://www.i28.com/ecco-c-1319_1324/;Ecco;
http://www.i28.com/%E6%9B%B4%E5%A4%9A%E8%BF%90%E5%8A%A8%E9%9E%8B-c-1319/;http://www.i28.com/gucci-c-1319_1333/;Gucci;
http://www.i28.com/%E6%9B%B4%E5%A4%9A%E8%BF%90%E5%8A%A8%E9%9E%8B-c-1319/;http://www.i28.com/lv-c-1319_1332/;LV;
http://www.i28.com/%E6%9B%B4%E5%A4%9A%E8%BF%90%E5%8A%A8%E9%9E%8B-c-1319/;http://www.i28.com/mcqueen-c-1319_1325/;Mcqueen;
http://www.i28.com/%E6%9B%B4%E5%A4%9A%E8%BF%90%E5%8A%A8%E9%9E%8B-c-1319/;http://www.i28.com/mizuno-c-1319_1326/;Mizuno;
http://www.i28.com/%E6%9B%B4%E5%A4%9A%E8%BF%90%E5%8A%A8%E9%9E%8B-c-1319/;http://www.i28.com/more-c-1319_1328/;More;
http://www.i28.com/%E6%9B%B4%E5%A4%9A%E8%BF%90%E5%8A%A8%E9%9E%8B-c-1319/;http://www.i28.com/palladium-c-1319_1330/;Palladium;
http://www.i28.com/%E6%9B%B4%E5%A4%9A%E8%BF%90%E5%8A%A8%E9%9E%8B-c-1319/;http://www.i28.com/reebok-c-1319_1320/;Reebok;
http://www.i28.com/%E6%9B%B4%E5%A4%9A%E8%BF%90%E5%8A%A8%E9%9E%8B-c-1319/;http://www.i28.com/salomon-c-1319_1327/;Salomon;
http://www.i28.com/%E6%9B%B4%E5%A4%9A%E8%BF%90%E5%8A%A8%E9%9E%8B-c-1319/;http://www.i28.com/skechers-c-1319_1329/;Skechers;
http://www.i28.com/%E6%9B%B4%E5%A4%9A%E8%BF%90%E5%8A%A8%E9%9E%8B-c-1319/;http://www.i28.com/timberland-c-1319_1321/;Timberland;
